question,answer
why does peter lynch believe his investment principles still apply today?,lynch believes that the basic principles of observing businesses understanding earnings and focusing on longterm growth are timeless and remain effective despite changing market conditions
what is lynchs view on the internet stock boom of the 1990s?,lynch notes that while some internet stocks have been highly profitable many have achieved valuations without earnings he advises caution emphasizing the importance of earnings as a measure of a stocks real value
how has investing in mutual funds grown since lynchs time at fidelity?,mutual fund investing has surged significantly with trillions of dollars in new investments indicating a rise in amateur interest and reliance on professional fund management
how does lynch relate his personal experiences to investing?,lynch uses his experiences like his vacations during market downturns to illustrate that unforeseen events can affect the market but dont necessarily impact longterm performance
what does lynch mean by dumb money?,dumb money refers to individual investors who though often disregarded by wall street can leverage their unique insights into familiar businesses to make savvy investments
how can individual investors use their own experiences to pick stocks?,lynch advises investors to look at products they use daily or businesses that they observe growing in popularity this knowledge can often lead to discovering profitable investments early
how did peter lynch develop his interest in stock-picking?,lynch developed an interest in stocks during college and honed his skills through practical experience and observation eventually leading him to a career in investment
what early lessons did lynch learn about investing?,lynch learned the importance of thorough research patience and focusing on fundamentals rather than following market fads or emotions
what early mistakes did lynch make and what did he learn from them?,lynch made mistakes by following stock tips without conducting his own research he learned that thorough independent analysis is essential to avoid poor investment decisions
why does lynch believe anyone can learn to pick stocks?,he emphasizes that investing skills can be developed through practice and experience encouraging people to start small and build confidence over time
what is an “oxymoron” in the context of wall street?,lynch uses the term to describe contradictory behavior among professionals like focusing on trends rather than fundamentals which can lead to suboptimal investment choices
why does lynch view wall street’s short-term focus as problematic?,he argues that the short-term focus can lead to poor investment decisions as it encourages a reactionary approach rather than understanding a companys true value
how does lynch differentiate between gambling and investing?,lynch explains that investing unlike gambling relies on informed decisions based on research a companys financial health and growth potential
what role does risk play in investing according to lynch?,lynch acknowledges risk but suggests it can be mitigated through careful selection of stocks with strong fundamentals
how does lynch suggest managing the fear of losing money?,lynch advises focusing on long-term gains and viewing short-term losses as temporary setbacks rather than failures
why does lynch believe investing is safer than gambling?,unlike gambling investing allows individuals to assess risk make informed choices and rely on the growth of companies over time which reduces risk with the right approach
what is the “mirror test” in investing?,lynchs mirror test involves self-reflection to determine if one has the patience knowledge and emotional stability to handle the ups and downs of stock investing
why is emotional stability important in stock investing?,lynch stresses that emotions can lead to poor decisions such as panic-selling during downturns which can be avoided with a steady approach
does lynch think timing the market is necessary?,no lynch discourages market timing suggesting that long-term focus and consistency yield better results than trying to predict market highs and lows
what should investors focus on instead of market timing?,lynch advises investors to concentrate on finding solid companies with growth potential rather than getting distracted by market conditions
how does lynch suggest investors react to market news?,lynch encourages ignoring most market news and staying focused on the performance of individual stocks rather than reacting to overall market changes
why does lynch criticize media coverage of the stock market?,he believes that constant coverage creates unnecessary anxiety leading investors to make emotional decisions rather than rational researched ones
what is a “tenbagger”?,a tenbagger is a stock that grows tenfold in value often a key goal for lynch in building high-performing portfolios
how does lynch suggest finding tenbaggers?,lynch recommends looking for growth companies in familiar industries and sectors often those overlooked by wall street
what kinds of companies are likely to become tenbaggers?,lynch looks for small to mid-sized companies with strong growth potential often those in sectors like retail technology and everyday consumer goods that are expanding quickly
how does lynch suggest balancing tenbaggers with more stable stocks?,he suggests maintaining a diversified portfolio where tenbaggers are balanced by more established stocks to reduce overall risk
what sectors does lynch consider most promising for finding tenbaggers?,lynch often finds tenbaggers in retail technology and consumer goods sectors especially companies introducing new popular products or expanding aggressively
why does lynch recommend keeping a “wish list” of potential tenbaggers?,he suggests creating a list of promising stocks to watch for when their prices become favorable as patience can help investors buy at the right time
how does lynch describe the moment of discovering a promising stock?,lynch describes the thrill of discovery but warns investors to follow up with rigorous research before buying
why is follow-up research critical after identifying a stock?,thorough research confirms the potential of the stock and prevents impulsive decisions based on excitement alone
what does lynch mean by the “aha” moment in investing?,this moment occurs when an investor realizes the true potential of a stock often through personal insights or observations about the companys growth trajectory
why does lynch caution against “falling in love” with a stock?,lynch warns that emotional attachment can cloud judgment leading investors to ignore warning signs and hold on to declining stocks
how can investors develop a habit of looking for promising stocks?,lynch advises cultivating curiosity about companies in everyday life such as noticing popular products successful stores or growing brands that might be good investments
how does lynch view “hot stocks” that are widely talked about?,he cautions that popular stocks often become overvalued and recommends a cautious approach as excitement can drive prices to unsustainable levels
what characteristics does lynch look for in the “perfect stock”?,he looks for stocks with a straightforward business model high growth potential and strong management
why does lynch value simplicity in a company’s business model?,lynch believes that simple understandable businesses are easier to evaluate and often more reliable
what are some red flags lynch looks for in a “perfect stock”?,red flags include high debt inconsistent earnings and aggressive expansion without market demand as these can signal instability
how does lynch evaluate a company’s competitive edge?,lynch looks for unique advantages such as strong brand loyalty proprietary technology or industry dominance which can help a company outperform competitors
why is customer satisfaction an important factor for lynch?,high customer satisfaction can indicate a stable revenue stream as happy customers are likely to be repeat buyers supporting consistent growth
why does lynch prefer companies with a strong “economic moat”?,a strong economic moat like brand strength or high entry barriers gives a company a competitive advantage making it more resilient against competition and market changes
what types of stocks does lynch avoid?,lynch avoids high-risk speculative stocks especially those with complex business models or weak fundamentals
why does lynch avoid companies with frequent changes in leadership?,frequent leadership changes can indicate instability and lack of strategic direction which can harm a companys long-term growth
how does lynch view highly speculative or “hyped” stocks?,he warns that stocks with extreme hype often lack substantial earnings or real value and he recommends avoiding them due to the high risk of loss
why does lynch avoid companies that rely heavily on a single product?,he considers these companies risky as dependency on one product makes them vulnerable to market shifts competition or product obsolescence
why does lynch avoid companies with unpredictable earnings?,lynch prefers companies with stable predictable earnings as erratic earnings make it difficult to assess a companys growth potential and risk
why does lynch emphasize the importance of earnings?,earnings are a clear indicator of a companys profitability and long-term viability making them essential in evaluating a stocks value
how can earnings growth impact a stock’s performance?,consistent earnings growth typically leads to stock price appreciation as it signals financial health and growth
how does lynch assess the sustainability of a company’s earnings?,he evaluates whether earnings are driven by solid sales and operational efficiency rather than one-time gains which are less reliable for long-term growth
why does lynch see earnings as more important than revenue?,he believes that earnings are a more direct measure of a companys profitability and efficiency while revenue alone doesn’t account for operational costs
what does lynch say about reinvestment of earnings?,lynch appreciates companies that reinvest earnings into growth opportunities as this strategy can accelerate their expansion and improve stock value
"what is the ""two-minute drill"" lynch describes?",the two-minute drill is a quick evaluation process where investors should be able to explain why they own a stock and what makes it a good investment
how can the two-minute drill help an investor?,it forces investors to focus on the core reasons for holding a stock making sure they have a solid understanding of its value and growth prospects
why is it helpful for investors to summarize their reasons for holding a stock?,summarizing reasons helps investors stay focused on the fundamentals and avoids the influence of market noise or fleeting trends
how often should investors perform the two-minute drill?,lynch suggests doing it periodically especially when there are major changes in the company or industry to reassess the stocks viability
what common mistakes does lynch see investors make in their two-minute drill?,he observes that many investors focus on surface-level factors like stock price or media hype instead of fundamental strengths like earnings and growth
how does lynch recommend researching a company?,lynch emphasizes reviewing financial statements annual reports and understanding a companys products competition and management quality
what kind of information is most important when researching stocks?,lynch prioritizes data on earnings growth competitive positioning debt levels and revenue trends to gauge a companys potential
what sources of information does lynch recommend for company research?,he suggests using company reports financial statements industry publications and reputable financial analysis sources
why does lynch prioritize firsthand observations in research?,observing a companys products and services in real-life settings gives investors a practical sense of its success and popularity adding depth to their research
what’s lynch’s view on trusting analyst recommendations?,lynch believes that analysts can provide useful data but individual investors should still do their own homework as analysts may have biases or miss important details
how does lynch suggest approaching annual reports?,he advises reading annual reports carefully especially focusing on the ceos letter and financial summaries which provide insight into the companys performance and strategy
what financial ratios does lynch find most useful?,lynch values the price-to-earnings pe ratio debt-to-equity ratio and earnings growth rate as they help investors assess a stocks value and risk
why is the pe ratio important to lynch?,the pe ratio shows how much investors are paying for each dollar of earnings helping to identify whether a stock is overvalued or undervalued
why does lynch find the debt-to-equity ratio critical in evaluating risk?,high debt burdens can strain a companys resources especially during economic downturns increasing the likelihood of financial distress
how does lynch interpret the price-to-sales ratio?,he uses this ratio to assess a stocks value relative to its revenue a lower price-to-sales ratio may indicate a bargain if earnings are strong
how does lynch use return on equity roe in evaluating stocks?,roe indicates how effectively a company uses its capital to generate profits with higher roe being preferable for potential growth stocks
why does lynch recommend rechecking a stock’s story periodically?,he suggests regular reviews to ensure that the company's fundamentals haven’t changed and that it still aligns with the investor’s original thesis
what signs does lynch look for to determine if a stock’s story has changed?,key indicators include declining sales increasing debt management changes and changes in competitive advantage
how does lynch handle stocks in his portfolio that experience sudden downturns?,he doesn’t immediately sell but instead rechecks the story to determine if the downturn is due to temporary issues or fundamental changes
what types of industry changes does lynch watch for that could affect a stock?,lynch pays attention to changes in regulations technology and competition as these can impact a company’s growth and profitability
what does lynch mean by “following the company’s story”?,he believes investors should continuously evaluate whether the company’s growth narrative and competitive position remain intact as circumstances evolve
why does lynch suggest paying attention to management’s communication with shareholders?,transparent honest communication can indicate a trustworthy management team committed to long-term growth and shareholder value
what is the purpose of lynch’s final checklist?,the checklist helps investors systematically review each aspect of a company ensuring they’ve covered important factors before investing
what are some key items on lynch’s checklist?,lynch includes items like the company’s growth rate competitive advantage management quality and the stability of its earnings
why does lynch suggest looking at a company’s historical stock performance?,historical performance can provide context on how the stock responds to market conditions giving insight into its potential resilience or volatility
how does lynch view stock price trends in relation to investment potential?,lynch doesn’t prioritize short-term price trends but focuses on whether the company is growing and profitable as these factors drive long-term price appreciation
what does lynch suggest looking for in a company’s expansion plans?,he looks for realistic growth strategies that align with market demand avoiding companies that overextend or expand too quickly without a solid foundation
why does lynch emphasize evaluating potential risks in a company’s story?,identifying risks helps investors avoid over-optimism and prepares them to handle setbacks if the company’s growth encounters challenges
what does lynch suggest about portfolio diversity?,lynch recommends diversifying to include a mix of growth stable and defensive stocks to mitigate risk
how should an investor allocate funds in their portfolio?,lynch advises putting a larger portion in stocks with strong growth potential but balancing with safer stocks to protect against downturns
why does lynch recommend including cyclical stocks in a portfolio?,cyclical stocks can perform well when the economy is strong providing balance to a portfolio during different economic cycles
"how does lynch view ""turnaround"" stocks?",turnaround stocks are companies that have faced difficulties but are on the verge of recovery lynch sees them as opportunities for significant gains if the company successfully rebounds
what role do “defensive stocks” play in lynch’s portfolio strategy?,defensive stocks such as utilities or essential consumer goods tend to be more stable during market downturns providing balance to riskier growth stocks
why does lynch advise against putting all investments in a single sector?,concentrating investments in one sector increases exposure to industry-specific risks while diversification across sectors reduces this risk
how does lynch suggest handling portfolio rebalancing?,lynch recommends periodically reassessing the portfolio to maintain a balance between growth and stability adjusting as companies grow or decline
why does lynch recommend regularly reviewing portfolio allocations?,market conditions and company performance change over time and regular reviews ensure that the portfolio remains aligned with the investor’s goals
when does lynch believe is the best time to buy a stock?,lynch believes that the best time is when the company is performing well but remains undervalued in the market
how can investors know when to sell a stock?,lynch suggests selling when a company’s fundamentals weaken or if it reaches a valuation that no longer supports further growth potential
why does lynch say it’s important to sell stocks when their fundamentals weaken?,weakening fundamentals can indicate a decline in business health or growth potential which may lead to lower stock value over time
how can investors decide if a stock has become overvalued?,lynch advises assessing whether the stock’s pe ratio or market valuation far exceeds its earnings growth indicating it might be overpriced
how does lynch view the timing of buying stocks during economic recessions?,lynch believes recessions often provide buying opportunities as high-quality stocks may be undervalued due to temporary economic downturns
what role does patience play in deciding when to sell a stock?,lynch emphasizes that investors should wait for signs of weakened fundamentals rather than selling in reaction to short-term price drops
how does lynch handle stocks with high valuations?,if a stock’s valuation becomes extremely high relative to its earnings lynch considers trimming the position or selling to lock in gains before a potential correction
why does lynch suggest selling “story stocks” if the story changes?,if the reasons for investing no longer hold due to changes in the company or industry lynch recommends selling to avoid prolonged declines
what does lynch mean by “dangerous” statements about stock prices?,lynch refers to common misconceptions or advice like “stocks are safe in the long run” or “it’s too late to buy” which can lead to misguided investment decisions
why is “it’s too late to buy” a dangerous mindset?,lynch argues that this mindset can make investors miss out on valuable opportunities a good stock is worth buying if it continues to perform well
why does lynch reject the idea that “stocks are always safe in the long run”?,while stocks can perform well long-term lynch notes that specific stocks or sectors can fail permanently so choosing strong companies is essential
how does lynch respond to the saying “it can’t go any lower”?,he cautions that stocks can always drop further and relying on this idea can lead to poor decisions especially with companies in decline
why does lynch reject the belief that “higher risk equals higher return”?,lynch believes that high risk doesn’t always lead to high returns instead he emphasizes calculated risk based on research rather than speculative investments
